rollout_id,model_tier,is_valid,delta_g,sascore,qed,escape_loss_pct,retro_steps,is_nash
1,1.5B,True,-5.4,2.65,0.77,43.5,7,False
2,1.5B,True,-5.4,4.9,0.77,43.5,7,False
3,1.5B,True,-5.4,3.95,0.77,43.5,7,False
4,1.5B,True,-5.4,3.95,0.77,43.5,7,False
5,1.5B,False,0.0,10.0,0.0,100.0,7,False
6,1.5B,True,-5.4,3.95,0.77,43.5,7,False
7,1.5B,True,-4.8,4.3,0.72,43.5,7,False
8,1.5B,True,-5.4,3.95,0.77,43.5,7,False
9,1.5B,True,-5.4,3.95,0.77,43.5,7,False
10,1.5B,True,-5.4,4.9,0.77,43.5,7,False
11,1.5B,True,-5.4,4.15,0.77,43.5,7,False
12,1.5B,True,-5.4,2.65,0.77,43.5,7,False
13,1.5B,False,0.0,10.0,0.0,100.0,7,False
14,1.5B,True,-5.4,4.9,0.77,43.5,7,False
15,1.5B,True,-5.4,4.15,0.77,43.5,7,False
16,1.5B,True,-5.4,2.65,0.77,43.5,7,False
17,1.5B,True,-5.4,4.9,0.77,43.5,7,False
18,1.5B,True,-5.4,2.65,0.77,43.5,7,False
19,1.5B,True,-5.4,3.95,0.77,43.5,7,False
20,1.5B,True,-5.4,3.95,0.77,43.5,7,False
21,1.5B,True,-5.4,4.9,0.77,43.5,7,False
22,1.5B,True,-5.4,2.65,0.77,43.5,7,False
23,1.5B,True,-5.4,3.95,0.77,43.5,7,False
24,1.5B,True,-5.4,2.65,0.77,43.5,7,False
25,1.5B,True,-5.4,2.65,0.77,43.5,7,False
26,1.5B,True,-5.4,2.65,0.77,43.5,7,False
27,1.5B,True,-5.4,2.65,0.77,43.5,7,False
28,1.5B,True,-5.4,3.95,0.77,43.5,7,False
29,1.5B,True,-5.4,3.95,0.77,43.5,7,False
30,1.5B,True,-5.4,4.15,0.77,43.5,7,False
31,1.5B,True,-5.4,2.65,0.77,43.5,7,False
32,1.5B,True,-5.4,3.95,0.77,43.5,7,False
33,1.5B,True,-5.4,2.65,0.77,43.5,7,False
34,1.5B,True,-5.4,2.65,0.77,43.5,7,False
35,1.5B,True,-5.4,4.15,0.77,43.5,7,False
36,1.5B,True,-5.4,3.95,0.77,43.5,7,False
37,1.5B,True,-5.4,3.95,0.77,43.5,7,False
38,1.5B,True,-5.4,3.95,0.77,43.5,7,False
39,1.5B,True,-5.4,2.65,0.77,43.5,7,False
40,1.5B,True,-5.4,3.95,0.77,43.5,7,False
41,1.5B,True,-5.4,3.95,0.77,43.5,7,False
42,1.5B,True,-5.4,4.15,0.77,43.5,7,False
43,1.5B,True,-5.4,3.95,0.77,43.5,7,False
44,1.5B,True,-4.8,4.3,0.72,43.5,7,False
45,1.5B,True,-5.4,3.95,0.77,43.5,7,False
46,1.5B,True,-5.4,2.65,0.77,43.5,7,False
47,1.5B,True,-5.4,3.95,0.77,43.5,7,False
48,1.5B,True,-5.4,4.9,0.77,43.5,7,False
49,1.5B,True,-5.4,4.15,0.77,43.5,7,False
50,1.5B,True,-5.4,3.95,0.77,43.5,7,False
51,1.5B,True,-5.4,4.9,0.77,43.5,7,False
52,1.5B,True,-5.4,4.15,0.77,43.5,7,False
53,1.5B,True,-5.4,4.9,0.77,43.5,7,False
54,1.5B,True,-5.4,2.65,0.77,43.5,7,False
55,1.5B,True,-5.4,4.9,0.77,43.5,7,False
56,1.5B,True,-5.4,4.9,0.77,43.5,7,False
57,1.5B,True,-5.4,3.95,0.77,43.5,7,False
58,1.5B,True,-5.4,4.15,0.77,43.5,7,False
59,1.5B,True,-5.4,4.15,0.77,43.5,7,False
60,1.5B,True,-5.4,2.65,0.77,43.5,7,False
61,1.5B,True,-4.8,4.3,0.72,43.5,7,False
62,1.5B,False,0.0,10.0,0.0,100.0,7,False
63,1.5B,True,-5.4,3.95,0.77,43.5,7,False
64,1.5B,True,-5.4,3.95,0.77,43.5,7,False
65,1.5B,True,-5.4,4.15,0.77,43.5,7,False
66,1.5B,True,-5.4,3.95,0.77,43.5,7,False
67,1.5B,True,-5.4,2.65,0.77,43.5,7,False
68,1.5B,True,-4.8,4.3,0.72,43.5,7,False
69,1.5B,True,-5.4,2.65,0.77,43.5,7,False
70,1.5B,True,-5.4,3.95,0.77,43.5,7,False
71,1.5B,True,-5.4,3.95,0.77,43.5,7,False
72,1.5B,True,-5.4,3.95,0.77,43.5,7,False
73,1.5B,True,-5.4,4.15,0.77,43.5,7,False
74,1.5B,True,-5.4,3.95,0.77,43.5,7,False
75,1.5B,True,-5.4,3.95,0.77,43.5,7,False
76,1.5B,True,-5.4,4.9,0.77,43.5,7,False
77,1.5B,True,-5.4,3.95,0.77,43.5,7,False
78,1.5B,True,-5.4,2.65,0.77,43.5,7,False
79,1.5B,True,-5.4,4.9,0.77,43.5,7,False
80,1.5B,True,-5.4,2.65,0.77,43.5,7,False
81,1.5B,True,-5.4,3.95,0.77,43.5,7,False
82,1.5B,True,-5.4,2.65,0.77,43.5,7,False
83,1.5B,True,-5.4,3.95,0.77,43.5,7,False
84,1.5B,True,-5.4,4.9,0.77,43.5,7,False
85,1.5B,True,-5.4,2.65,0.77,43.5,7,False
86,1.5B,True,-5.4,2.65,0.77,43.5,7,False
87,1.5B,True,-5.4,3.95,0.77,43.5,7,False
88,1.5B,True,-5.4,3.95,0.77,43.5,7,False
89,1.5B,True,-5.4,4.9,0.77,43.5,7,False
90,1.5B,True,-5.4,2.65,0.77,43.5,7,False
91,1.5B,True,-5.4,2.65,0.77,43.5,7,False
92,1.5B,True,-5.4,3.95,0.77,43.5,7,False
93,1.5B,True,-5.4,2.65,0.77,43.5,7,False
94,1.5B,True,-5.4,4.15,0.77,43.5,7,False
95,1.5B,True,-5.4,3.95,0.77,43.5,7,False
96,1.5B,True,-5.4,3.95,0.77,43.5,7,False
97,1.5B,True,-5.4,3.95,0.77,43.5,7,False
98,1.5B,True,-5.4,3.95,0.77,43.5,7,False
99,1.5B,True,-5.4,2.65,0.77,43.5,7,False
100,1.5B,True,-4.8,4.3,0.72,43.5,7,False
1,7B,True,-9.0,2.65,0.77,20.8,5,False
2,7B,True,-9.0,2.65,0.77,20.8,5,False
3,7B,True,-9.0,2.65,0.77,20.8,5,False
4,7B,True,-9.0,2.65,0.77,20.8,5,False
5,7B,True,-9.0,2.65,0.77,20.8,5,False
6,7B,True,-9.0,2.65,0.77,20.8,5,False
7,7B,True,-9.0,2.65,0.77,20.8,5,False
8,7B,True,-9.0,2.65,0.77,20.8,5,False
9,7B,True,-9.0,2.65,0.77,20.8,5,False
10,7B,True,-9.0,2.65,0.77,20.8,5,False
11,7B,True,-9.0,2.65,0.77,20.8,5,False
12,7B,True,-9.0,2.65,0.77,20.8,5,False
13,7B,True,-9.0,2.65,0.77,20.8,5,False
14,7B,True,-9.0,2.65,0.77,20.8,5,False
15,7B,True,-9.0,3.2,0.77,20.8,5,False
16,7B,True,-9.0,2.65,0.77,20.8,5,False
17,7B,True,-9.0,2.65,0.77,20.8,5,False
18,7B,True,-9.0,2.65,0.77,20.8,5,False
19,7B,True,-9.0,2.65,0.77,20.8,5,False
20,7B,True,-9.0,2.65,0.77,20.8,5,False
21,7B,True,-7.4,3.15,0.77,20.8,5,False
22,7B,True,-9.0,2.65,0.77,20.8,5,False
23,7B,True,-9.0,2.65,0.77,20.8,5,False
24,7B,True,-9.0,2.65,0.77,20.8,5,False
25,7B,True,-9.0,3.2,0.77,20.8,5,False
26,7B,True,-9.0,2.65,0.77,20.8,5,False
27,7B,True,-9.0,2.65,0.77,20.8,5,False
28,7B,True,-9.0,3.2,0.77,20.8,5,False
29,7B,True,-9.0,2.65,0.77,20.8,5,False
30,7B,True,-9.0,2.65,0.77,20.8,5,False
31,7B,True,-9.0,2.65,0.77,20.8,5,False
32,7B,True,-7.4,3.15,0.77,20.8,5,False
33,7B,True,-9.0,2.65,0.77,20.8,5,False
34,7B,True,-9.0,3.2,0.77,20.8,5,False
35,7B,True,-9.0,2.65,0.77,20.8,5,False
36,7B,True,-9.0,2.65,0.77,20.8,5,False
37,7B,True,-9.0,2.65,0.77,20.8,5,False
38,7B,True,-9.0,2.65,0.77,20.8,5,False
39,7B,True,-9.0,2.65,0.77,20.8,5,False
40,7B,True,-9.0,2.65,0.77,20.8,5,False
41,7B,True,-9.0,2.65,0.77,20.8,5,False
42,7B,True,-9.0,3.2,0.77,20.8,5,False
43,7B,True,-9.0,2.65,0.77,20.8,5,False
44,7B,True,-9.0,2.65,0.77,20.8,5,False
45,7B,True,-9.0,2.65,0.77,20.8,5,False
46,7B,True,-9.0,2.65,0.77,20.8,5,False
47,7B,True,-9.0,2.65,0.77,20.8,5,False
48,7B,True,-9.0,2.65,0.77,20.8,5,False
49,7B,True,-9.0,3.2,0.77,20.8,5,False
50,7B,True,-9.0,2.65,0.77,20.8,5,False
51,7B,True,-9.0,2.65,0.77,20.8,5,False
52,7B,True,-9.0,2.65,0.77,20.8,5,False
53,7B,True,-9.0,2.65,0.77,20.8,5,False
54,7B,True,-9.0,2.65,0.77,20.8,5,False
55,7B,True,-9.0,2.65,0.77,20.8,5,False
56,7B,True,-9.0,3.2,0.77,20.8,5,False
57,7B,True,-9.0,2.65,0.77,20.8,5,False
58,7B,True,-9.0,2.65,0.77,20.8,5,False
59,7B,True,-7.4,3.15,0.77,20.8,5,False
60,7B,True,-9.0,2.65,0.77,20.8,5,False
61,7B,True,-9.0,2.65,0.77,20.8,5,False
62,7B,True,-9.0,2.65,0.77,20.8,5,False
63,7B,True,-9.0,2.65,0.77,20.8,5,False
64,7B,True,-9.0,2.65,0.77,20.8,5,False
65,7B,True,-9.0,2.65,0.77,20.8,5,False
66,7B,True,-9.0,2.65,0.77,20.8,5,False
67,7B,True,-9.0,2.65,0.77,20.8,5,False
68,7B,True,-9.0,2.65,0.77,20.8,5,False
69,7B,True,-9.0,2.65,0.77,20.8,5,False
70,7B,True,-9.0,2.65,0.77,20.8,5,False
71,7B,True,-7.4,3.15,0.77,20.8,5,False
72,7B,True,-9.0,2.65,0.77,20.8,5,False
73,7B,True,-9.0,2.65,0.77,20.8,5,False
74,7B,True,-9.0,2.65,0.77,20.8,5,False
75,7B,True,-9.0,2.65,0.77,20.8,5,False
76,7B,True,-9.0,2.65,0.77,20.8,5,False
77,7B,True,-9.0,2.65,0.77,20.8,5,False
78,7B,True,-9.0,3.2,0.77,20.8,5,False
79,7B,True,-9.0,2.65,0.77,20.8,5,False
80,7B,True,-9.0,2.65,0.77,20.8,5,False
81,7B,True,-7.4,3.15,0.77,20.8,5,False
82,7B,True,-9.0,2.65,0.77,20.8,5,False
83,7B,True,-9.0,2.65,0.77,20.8,5,False
84,7B,True,-9.0,2.65,0.77,20.8,5,False
85,7B,True,-9.0,2.65,0.77,20.8,5,False
86,7B,True,-9.0,2.65,0.77,20.8,5,False
87,7B,True,-9.0,2.65,0.77,20.8,5,False
88,7B,True,-7.4,3.15,0.77,20.8,5,False
89,7B,True,-9.0,2.65,0.77,20.8,5,False
90,7B,True,-9.0,2.65,0.77,20.8,5,False
91,7B,True,-9.0,3.2,0.77,20.8,5,False
92,7B,True,-9.0,3.2,0.77,20.8,5,False
93,7B,True,-9.0,3.2,0.77,20.8,5,False
94,7B,True,-9.0,2.65,0.77,20.8,5,False
95,7B,True,-9.0,2.65,0.77,20.8,5,False
96,7B,True,-9.0,2.65,0.77,20.8,5,False
97,7B,True,-9.0,2.65,0.77,20.8,5,False
98,7B,True,-9.0,2.65,0.77,20.8,5,False
99,7B,True,-9.0,3.2,0.77,20.8,5,False
100,7B,True,-9.0,3.2,0.77,20.8,5,False
1,14B,True,-10.0,2.7,0.77,3.8,3,True
2,14B,True,-10.0,2.7,0.77,3.8,3,True
3,14B,True,-9.4,2.65,0.77,20.8,4,False
4,14B,True,-10.0,2.7,0.77,3.8,3,True
5,14B,True,-9.0,2.3,0.77,20.8,4,False
6,14B,True,-10.0,2.7,0.77,3.8,3,True
7,14B,True,-9.4,2.65,0.77,20.8,4,False
8,14B,True,-9.0,2.3,0.77,20.8,4,False
9,14B,True,-10.0,2.7,0.77,3.8,3,True
10,14B,True,-10.0,2.7,0.77,3.8,3,True
11,14B,True,-10.0,2.7,0.77,3.8,3,True
12,14B,True,-10.0,2.7,0.77,3.8,3,True
13,14B,True,-10.0,2.7,0.77,3.8,3,True
14,14B,True,-9.4,2.65,0.77,20.8,4,False
15,14B,True,-9.4,2.65,0.77,20.8,4,False
16,14B,True,-9.4,2.65,0.77,20.8,4,False
17,14B,True,-7.4,1.95,0.85,20.8,4,False
18,14B,True,-9.4,2.65,0.77,20.8,4,False
19,14B,True,-10.0,2.7,0.77,3.8,3,True
20,14B,True,-10.0,2.7,0.77,3.8,3,True
21,14B,True,-10.0,2.7,0.77,3.8,3,True
22,14B,True,-9.4,2.65,0.77,20.8,4,False
23,14B,True,-9.0,2.3,0.77,20.8,4,False
24,14B,True,-9.4,2.65,0.77,20.8,4,False
25,14B,True,-10.0,2.7,0.77,3.8,3,True
26,14B,True,-10.0,2.7,0.77,3.8,3,True
27,14B,True,-10.0,2.7,0.77,3.8,3,True
28,14B,True,-10.0,2.7,0.77,3.8,3,True
29,14B,True,-7.4,1.95,0.85,20.8,4,False
30,14B,True,-10.0,2.7,0.77,3.8,3,True
31,14B,True,-9.4,2.65,0.77,20.8,4,False
32,14B,True,-5.4,2.3,0.77,43.5,4,False
33,14B,True,-9.0,2.3,0.77,20.8,4,False
34,14B,True,-9.4,2.65,0.77,20.8,4,False
35,14B,True,-7.4,1.95,0.85,20.8,4,False
36,14B,True,-9.4,2.65,0.77,20.8,4,False
37,14B,True,-7.4,1.95,0.85,20.8,4,False
38,14B,True,-10.0,2.7,0.77,3.8,3,True
39,14B,True,-9.4,2.65,0.77,20.8,4,False
40,14B,True,-5.4,1.95,0.72,43.5,4,False
41,14B,True,-9.0,2.3,0.77,20.8,4,False
42,14B,True,-9.4,2.65,0.77,20.8,4,False
43,14B,True,-7.4,1.95,0.85,20.8,4,False
44,14B,True,-10.0,2.7,0.77,3.8,3,True
45,14B,True,-10.0,2.7,0.77,3.8,3,True
46,14B,True,-10.0,2.7,0.77,3.8,3,True
47,14B,True,-9.4,2.65,0.77,20.8,4,False
48,14B,True,-10.0,2.7,0.77,3.8,3,True
49,14B,True,-10.0,2.7,0.77,3.8,3,True
50,14B,True,-9.4,2.65,0.77,20.8,4,False
51,14B,True,-9.4,2.65,0.77,20.8,4,False
52,14B,True,-9.4,2.65,0.77,20.8,4,False
53,14B,True,-10.0,2.7,0.77,3.8,3,True
54,14B,True,-7.4,1.95,0.85,20.8,4,False
55,14B,True,-9.4,2.65,0.77,20.8,4,False
56,14B,True,-10.0,2.7,0.77,3.8,3,True
57,14B,True,-10.0,2.7,0.77,3.8,3,True
58,14B,True,-9.4,2.65,0.77,20.8,4,False
59,14B,True,-10.0,2.7,0.77,3.8,3,True
60,14B,True,-10.0,2.7,0.77,3.8,3,True
61,14B,True,-10.0,2.7,0.77,3.8,3,True
62,14B,True,-9.4,2.65,0.77,20.8,4,False
63,14B,True,-9.4,2.65,0.77,20.8,4,False
64,14B,True,-9.4,2.65,0.77,20.8,4,False
65,14B,True,-10.0,2.7,0.77,3.8,3,True
66,14B,True,-10.0,2.7,0.77,3.8,3,True
67,14B,True,-10.0,2.7,0.77,3.8,3,True
68,14B,True,-9.4,2.65,0.77,20.8,4,False
69,14B,True,-5.4,1.95,0.72,43.5,4,False
70,14B,True,-9.0,2.3,0.77,20.8,4,False
71,14B,True,-10.0,2.7,0.77,3.8,3,True
72,14B,True,-10.0,2.7,0.77,3.8,3,True
73,14B,True,-9.4,2.65,0.77,20.8,4,False
74,14B,True,-7.4,1.95,0.85,20.8,4,False
75,14B,True,-9.4,2.65,0.77,20.8,4,False
76,14B,True,-10.0,2.7,0.77,3.8,3,True
77,14B,True,-9.4,2.65,0.77,20.8,4,False
78,14B,True,-10.0,2.7,0.77,3.8,3,True
79,14B,True,-9.4,2.65,0.77,20.8,4,False
80,14B,True,-10.0,2.7,0.77,3.8,3,True
81,14B,True,-10.0,2.7,0.77,3.8,3,True
82,14B,True,-10.0,2.7,0.77,3.8,3,True
83,14B,True,-9.0,2.3,0.77,20.8,4,False
84,14B,True,-9.4,2.65,0.77,20.8,4,False
85,14B,True,-9.4,2.65,0.77,20.8,4,False
86,14B,True,-10.0,2.7,0.77,3.8,3,True
87,14B,True,-9.4,2.65,0.77,20.8,4,False
88,14B,True,-10.0,2.7,0.77,3.8,3,True
89,14B,True,-9.4,2.65,0.77,20.8,4,False
90,14B,True,-9.0,2.3,0.77,20.8,4,False
91,14B,True,-10.0,2.7,0.77,3.8,3,True
92,14B,True,-10.0,2.7,0.77,3.8,3,True
93,14B,True,-7.4,1.95,0.85,20.8,4,False
94,14B,True,-9.4,2.65,0.77,20.8,4,False
95,14B,True,-9.0,2.3,0.77,20.8,4,False
96,14B,True,-5.4,1.95,0.72,43.5,4,False
97,14B,True,-10.0,2.7,0.77,3.8,3,True
98,14B,True,-9.0,2.3,0.77,20.8,4,False
99,14B,True,-9.0,2.3,0.77,20.8,4,False
100,14B,True,-10.0,2.7,0.77,3.8,3,True